{
  "project_info": {
    "project_number": "524053405959",
    "project_id": "pped-a9f44",
    "storage_bucket": "pped-a9f44.appspot.com"
  },
  "client": [
    {
      "client_info": {
        "mobilesdk_app_id": "1:524053405959:android:251fd5d678ac5509e925a2",
        "android_client_info": {
          "package_name": "com.example.pped"
        }
      },
      "oauth_client": [
        {
          "client_id": "524053405959-s2rema6pnarg9oau1jndp32hb5gm2ilq.apps.googleusercontent.com",
          "client_type": 1,
          "android_info": {
            "package_name": "com.example.pped",
            "certificate_hash": "92e50e0c02b3b7ed5213f097f70ca69ff780b4bf"
          }
        },
        {
          "client_id": "524053405959-q3th6a2m36t66o1uo3ar83v7m3jqomk6.apps.googleusercontent.com",
          "client_type": 3
        }
      ],
      "api_key": [
        {
          "current_key": "AIzaSyDOFi4rHVx13gG0BgMMAeYzp7zb9HghcuQ"
        }
      ],
      "services": {
        "appinvite_service": {
          "other_platform_oauth_client": [
            {
              "client_id": "524053405959-q3th6a2m36t66o1uo3ar83v7m3jqomk6.apps.googleusercontent.com",
              "client_type": 3
            }
          ]
        }
      }
    }
  ],
  "configuration_version": "1"
}